{
    "current_epoch": 10,
    "total_epoch": 10,
    "train_loss": [
        0.7294379978468923,
        0.31092103213692707,
        0.14547790437372346,
        0.0730430781065176,
        0.026617371459547994,
        0.007200635059482672,
        0.004980310307335899,
        0.003586777806931147,
        0.0028834961113082527,
        0.0024018069150660076
    ],
    "train_acc": [
        0.6590909090909091,
        0.8939393939393939,
        0.9621212121212122,
        0.9848484848484849,
        1.0,
        1.0,
        1.0,
        1.0,
        1.0,
        1.0
    ],
    "val_loss": [
        0.7905695955410148,
        0.26371090887396625,
        0.10749184407971123,
        0.08023743926914352,
        0.04576669175488254,
        0.02307960585070153,
        0.006636152128604325,
        0.0033801349098653054,
        0.002611463723675997,
        0.002187675489536063
    ],
    "val_acc": [
        0.696969696969697,
        0.9393939393939394,
        0.9696969696969697,
        0.9696969696969697,
        0.9696969696969697,
        1.0,
        1.0,
        1.0,
        1.0,
        1.0
    ]
}